1,
1,
5,Chris  Smith
3,CJ Miles
2,CJ Wilcox
1,Danuel House Jr.
3,Dennis Smith Jr.
1,Derrick Jones Jr.
1,Derrick Walton Jr.
1,DJ Stephens
1,Erik Jay Murphy
3,Frank Mason III
5,Gary Payton II
2,Glenn Robinson III
1,Glen Rice Jr.
1,Gustavo Alfonso Ayon
7,Hamady Ndiaye
1,James Ennis III
1,James Webb III
4,Jerome Adolphus Jordan
5,JJ Hickson
5,JJ Redick
6,Johnny O'Bryant III
3,JR Smith
5,Kelly Oubre Jr.
3,KJ McDaniels
4,Larry Drew II
1,Larry Nance Jr.
1,Lavoy Allen
1,Matt Williams Jr.
1,Maximilian Kleber
5,Mike  Harris
5,Nene 
1,Otto Porter Jr.
6,Pierre Deshawn Jackson
2,PJ Tucker
1,Robbie John Hummel
1,Roger Mason Jr.
1,Ryan  Gomes
1,Slava Kravtsov
2,Stephen  Jackson
5,Taurean Prince
4,Tim Hardaway Jr.
1,TJ Warren
1,Tyshawn  Taylor
2,Vince Shamar Hunter
1,Wade Baldwin IV
,Walt Lemon Jr.
